model,config,ctk,ctv,ppl,ppl_stderr,elapsed_sec
Qwen3.5-4B,F16_F16,f16,f16,8.6573,0.06003,3064
Qwen3.5-4B,Q8_F16,q8_0,f16,8.6597,0.06005,2902
Qwen3.5-4B,TQ4_F16,tq4_0,f16,8.6848,0.06020,3845
Qwen3.5-4B,TQ4_TQ4,tq4_0,tq4_0,8.6714,0.06011,4392
Qwen3.5-4B,TQ3_F16,tq3_0,f16,8.7485,0.06074,4554
Qwen3.5-4B,TQ3_TQ3,tq3_0,tq3_0,8.7796,0.06104,5565
